Ticker,Report Date,Return on assets,Return on equity,Earnings per share ,Operating profitability ,Accruals,Cash-based operating profitability
AAPL,2010-06-30,0.05026,0.07546,0.12736,17602000000,12921000000,4681000000
AAPL,2010-09-30,0.0573,0.09014,0.16823,22408000000,17738000000,4670000000
AAPL,2010-12-31,0.06922,0.10983,0.23325,29212000000,20254000000,8958000000
AAPL,2011-03-31,0.06308,0.09739,0.23161,27011000000,20736000000,6275000000
AAPL,2011-06-30,0.06845,0.10539,0.28182,31114000000,22867000000,8247000000
AAPL,2011-09-30,0.05691,0.08645,0.25477,30940000000,23879000000,7061000000
AAPL,2011-12-31,0.0942,0.14507,0.50113,49696000000,29721000000,19975000000
AAPL,2012-03-31,0.077,0.11339,0.4446,42366000000,26789000000,15577000000
AAPL,2012-06-30,0.05417,0.07896,0.33648,38444000000,27238000000,11206000000
AAPL,2012-09-30,0.0467,0.06956,0.31307,39423000000,32589000000,6834000000
AAPL,2012-12-31,0.06669,0.1027,0.49746,58362000000,39605000000,18757000000
AAPL,2013-03-31,0.04902,0.07046,0.36287,47394000000,28243000000,19151000000
AAPL,2013-06-30,0.03452,0.05594,0.26826,39146000000,28986000000,10160000000
AAPL,2013-09-30,0.03629,0.0608,0.29672,41313000000,36223000000,5090000000
AAPL,2013-12-31,0.05805,0.1008,0.521,61977000000,45412000000,16565000000
AAPL,2014-03-31,0.04963,0.08506,0.41738,50000000000,34898000000,15102000000
AAPL,2014-06-30,0.03482,0.06406,0.32215,41885000000,35799000000,6086000000
AAPL,2014-09-30,0.03652,0.07591,0.35672,46967000000,48649000000,-1682000000
AAPL,2014-12-31,0.06882,0.14615,0.77117,80094000000,60725000000,19369000000
AAPL,2015-03-31,0.05195,0.10518,0.5855,63388000000,45986000000,17402000000
AAPL,2015-06-30,0.03909,0.08496,0.46585,55203000000,49198000000,6005000000
AAPL,2015-09-30,0.03831,0.0932,0.49248,57426000000,60671000000,-3245000000
AAPL,2015-12-31,0.0626,0.14315,0.82574,82124000000,57344000000,24780000000
AAPL,2016-03-31,0.03445,0.08061,0.47675,56491000000,48306000000,8185000000
AAPL,2016-06-30,0.02551,0.06161,0.35807,48359000000,47138000000,1221000000
AAPL,2016-09-30,0.02802,0.07029,0.41989,52904000000,59321000000,-6417000000
AAPL,2016-12-31,0.05403,0.13514,0.84413,85168000000,62249000000,22919000000
AAPL,2017-03-31,0.03297,0.08226,0.52762,59390000000,51669000000,7721000000
AAPL,2017-06-30,0.02525,0.06583,0.41948,52128000000,55219000000,-3091000000
AAPL,2017-09-30,0.02855,0.07993,0.52015,59390000000,44242000000,15148000000
AAPL,2017-12-31,0.04932,0.14312,0.9811,95931000000,89266000000,6665000000
AAPL,2018-03-31,0.03761,0.10894,0.68768,68665000000,61067000000,7598000000
AAPL,2018-06-30,0.03299,0.10021,0.58985,61074000000,63673000000,-2599000000
AAPL,2018-09-30,0.03862,0.13183,0.73543,70866000000,55888000000,14978000000
AAPL,2018-12-31,0.05342,0.16935,1.05394,92995000000,44293000000,48702000000
AAPL,2019-03-31,0.0338,0.10921,0.61836,66421000000,30443000000,35978000000
AAPL,2019-06-30,0.03117,0.10413,0.54938,62492000000,29115000000,33377000000
AAPL,2019-09-30,0.04043,0.15125,0.76189,72728000000,46236000000,26492000000
AAPL,2019-12-31,0.06528,0.24836,1.25911,1.01467E+11,45111000000,56356000000
ADBE,2010-06-30,0.01856,0.0287,0.28245,1539411000,590838000,948573000
ADBE,2010-09-30,0.02895,0.04525,0.44353,1581631000,573355000,1008276000
ADBE,2010-12-31,0.03302,0.05178,0.53012,1619539000,670422000,949117000
ADBE,2011-03-31,0.02823,0.04324,0.46533,1645398000,570301000,1075097000
ADBE,2011-06-30,0.02751,0.04257,0.45916,1661019000,598038000,1062981000
ADBE,2011-09-30,0.02297,0.03507,0.39451,1643844000,576799000,1067045000
ADBE,2011-12-31,0.01932,0.03004,0.35343,1847310000,684235000,1163075000
ADBE,2012-03-31,0.02028,0.03094,0.3749,1696021000,576789000,1119232000
ADBE,2012-06-30,0.0239,0.0367,0.45141,1815028000,682766000,1132262000
ADBE,2012-09-30,0.02091,0.03127,0.40756,1760861000,638168000,1122693000
ADBE,2012-12-31,0.02214,0.03336,0.44924,1874388000,689785000,1184603000
ADBE,2013-03-31,0.00641,0.00957,0.1306,1760836000,589316000,1171520000
ADBE,2013-06-30,0.00745,0.01105,0.15206,1749516000,599216000,1150300000
ADBE,2013-09-30,0.00811,0.01214,0.16465,1733599000,623671000,1109928000
ADBE,2013-12-31,0.00629,0.00971,0.1308,1830752000,729257000,1101495000
ADBE,2014-03-31,0.00459,0.00712,0.09467,1772322000,661767000,1110555000
ADBE,2014-06-30,0.00854,0.01334,0.17779,1846620000,725494000,1121126000
ADBE,2014-09-30,0.00426,0.00664,0.08965,1778717000,688908000,1089809000
ADBE,2014-12-31,0.00817,0.01301,0.17694,1841823000,776163000,1065660000
ADBE,2015-03-31,0.00771,0.01288,0.1702,1876784000,655815000,1220969000
ADBE,2015-06-30,0.01321,0.02231,0.29541,1945492000,759796000,1185696000
ADBE,2015-09-30,0.01516,0.0255,0.34989,1999283000,799652000,1199631000
ADBE,2015-12-31,0.01899,0.03181,0.44686,2120492000,779356000,1341136000
ADBE,2016-03-31,0.02138,0.03591,0.50951,2260340000,667985000,1592355000
ADBE,2016-06-30,0.01998,0.03367,0.48817,2251100000,752369000,1498731000
ADBE,2016-09-30,0.0219,0.03721,0.54311,2355908000,760384000,1595524000
ADBE,2016-12-31,0.03147,0.05382,0.80616,2529510000,866016000,1663494000
ADBE,2017-03-31,0.03054,0.05251,0.80557,2656956000,966061000,1690895000
ADBE,2017-06-30,0.02801,0.04797,0.75731,2800938000,1041943000,1758995000
ADBE,2017-09-30,0.03017,0.05135,0.85032,2873552000,1079373000,1794179000
ADBE,2017-12-31,0.0345,0.05929,1.01916,3092978000,1121507000,1971471000
ADBE,2018-03-31,0.03894,0.06753,1.18497,3196259000,1052725000,2143534000
ADBE,2018-06-30,0.04373,0.07618,1.34814,3410892000,1185494000,2225398000
ADBE,2018-09-30,0.04328,0.07519,1.35971,3568054000,1176835000,2391219000
ADBE,2018-12-31,0.03614,0.07245,1.38911,3849443000,1385152000,2464291000
ADBE,2019-03-31,0.03457,0.0683,1.38148,4109776000,1337143000,2772633000
ADBE,2019-06-30,0.03217,0.06369,1.29753,4331525000,1529877000,2801648000
ADBE,2019-09-30,0.03953,0.0774,1.63171,4398477000,1534193000,2864284000
ADBE,2019-12-31,0.04103,0.0809,1.76104,4561975000,1663609000,2898366000
AMZN,2010-06-30,0.0167,0.03534,0.46309,7905000000,5250000000,2655000000
AMZN,2010-09-30,0.01631,0.03611,0.51562,9066000000,6375000000,2691000000
AMZN,2010-12-31,0.02208,0.06046,0.92634,15103000000,10372000000,4731000000
AMZN,2011-03-31,0.01191,0.02736,0.44371,11784000000,7730000000,4054000000
AMZN,2011-06-30,0.01065,0.0246,0.4235,12100000000,8045000000,4055000000
AMZN,2011-09-30,0.00331,0.00811,0.13938,13348000000,8978000000,4370000000
AMZN,2011-12-31,0.00696,0.02269,0.38596,20772000000,14896000000,5876000000
AMZN,2012-03-31,0.00639,0.01788,0.28698,16151000000,10488000000,5663000000
AMZN,2012-06-30,0.00033,0.00093,0.01552,16073000000,10964000000,5109000000
AMZN,2012-09-30,-0.012,-0.03628,-0.60619,17321000000,12605000000,4716000000
AMZN,2012-12-31,0.00301,0.01196,0.21491,25994000000,18210000000,7784000000
AMZN,2013-03-31,0.00289,0.00972,0.18022,20158000000,14332000000,5826000000
AMZN,2013-06-30,-0.00024,-0.0008,-0.01535,20120000000,14735000000,5385000000
AMZN,2013-09-30,-0.00129,-0.00451,-0.08972,21843000000,16135000000,5708000000
AMZN,2013-12-31,0.00598,0.02463,0.52174,31857000000,21821000000,10036000000
AMZN,2014-03-31,0.00297,0.01046,0.23478,25281000000,16841000000,8440000000
AMZN,2014-06-30,-0.00332,-0.01188,-0.27332,25296000000,17145000000,8151000000
AMZN,2014-09-30,-0.01081,-0.04228,-0.94384,27075000000,19028000000,8047000000
AMZN,2014-12-31,0.00393,0.01992,0.46121,37394000000,26266000000,11128000000
AMZN,2015-03-31,-0.00114,-0.00524,-0.12258,29784000000,20757000000,9027000000
AMZN,2015-06-30,0.00175,0.00782,0.197,30746000000,21350000000,9396000000
AMZN,2015-09-30,0.0014,0.00636,0.1688,33555000000,23594000000,9961000000
AMZN,2015-12-31,0.00744,0.03601,1.02991,46043000000,30769000000,15274000000
AMZN,2016-03-31,0.00839,0.03477,1.08917,38319000000,24421000000,13898000000
AMZN,2016-06-30,0.01317,0.05182,1.81184,40343000000,25736000000,14607000000
AMZN,2016-09-30,0.00355,0.01417,0.53165,43593000000,29298000000,14295000000
AMZN,2016-12-31,0.00898,0.03884,1.56695,57268000000,39048000000,18220000000
AMZN,2017-03-31,0.00894,0.0334,1.51782,47983000000,31945000000,16038000000
AMZN,2017-06-30,0.00224,0.00849,0.41127,51831000000,35455000000,16376000000
AMZN,2017-09-30,0.00222,0.01038,0.53222,59592000000,41919000000,17673000000
AMZN,2017-12-31,0.01413,0.06698,3.84265,80286000000,52786000000,27500000000
AMZN,2018-03-31,0.01289,0.05178,3.3657,69422000000,41863000000,27559000000
AMZN,2018-06-30,0.0189,0.07241,5.21399,72157000000,44797000000,27360000000
AMZN,2018-09-30,0.02006,0.07369,5.90779,76425000000,49324000000,27101000000
AMZN,2018-12-31,0.01861,0.06951,6.17755,96193000000,61855000000,34338000000
AMZN,2019-03-31,0.01999,0.07356,7.25255,81060000000,56397000000,24663000000
AMZN,2019-06-30,0.01372,0.04947,5.32454,87387000000,62203000000,25184000000
AMZN,2019-09-30,0.01072,0.03776,4.31111,95503000000,64755000000,30748000000
AMZN,2019-12-31,0.01451,0.05266,6.57545,1.17017E+11,79622000000,37395000000
CMCSA,2010-06-30,0.00765,0.02024,0.15696,11184000000,6382000000,4802000000
CMCSA,2010-09-30,0.00744,0.0197,0.15471,11113000000,6557000000,4556000000
CMCSA,2010-12-31,0.00859,0.02284,0.18276,26228000000,6351000000,19877000000
CMCSA,2011-03-31,0.00611,0.01525,0.17009,13970000000,11451000000,2519000000
CMCSA,2011-06-30,0.0066,0.01637,0.18521,16196000000,11347000000,4849000000
CMCSA,2011-09-30,0.00579,0.01445,0.16575,16272000000,11698000000,4574000000
CMCSA,2011-12-31,0.00815,0.02021,0.2371,37929000000,11084000000,26845000000
CMCSA,2012-03-31,0.00775,0.01913,0.226,22261000000,12927000000,9334000000
CMCSA,2012-06-30,0.00855,0.02091,0.25084,22792000000,11761000000,11031000000
CMCSA,2012-09-30,0.01301,0.0319,0.39599,24314000000,13649000000,10665000000
CMCSA,2012-12-31,0.0092,0.02273,0.28652,23665000000,13487000000,10178000000
CMCSA,2013-03-31,0.00919,0.02903,0.27278,22890000000,14938000000,7952000000
CMCSA,2013-06-30,0.01106,0.03445,0.32953,24137000000,15121000000,9016000000
CMCSA,2013-09-30,0.01106,0.03397,0.33028,24101000000,15328000000,8773000000
CMCSA,2013-12-31,0.01205,0.03678,0.36605,24953000000,14734000000,10219000000
CMCSA,2014-03-31,0.01186,0.03551,0.35939,25340000000,14208000000,11132000000
CMCSA,2014-06-30,0.01265,0.03731,0.38396,25010000000,13581000000,11429000000
CMCSA,2014-09-30,0.01628,0.04738,0.50233,25065000000,12585000000,12480000000
CMCSA,2014-12-31,0.01209,0.03556,0.37671,26319000000,12278000000,14041000000
CMCSA,2015-03-31,0.01297,0.03841,0.40853,26353000000,13352000000,13001000000
CMCSA,2015-06-30,0.01338,0.03969,0.4274,27712000000,12556000000,15156000000
CMCSA,2015-09-30,0.01256,0.03754,0.40372,27755000000,12942000000,14813000000
CMCSA,2015-12-31,0.01183,0.03571,0.40192,28652000000,13249000000,15403000000
CMCSA,2016-03-31,0.01251,0.03828,0.43837,28060000000,13572000000,14488000000
CMCSA,2016-06-30,0.01179,0.03588,0.41909,28980000000,13056000000,15924000000
CMCSA,2016-09-30,0.01257,0.03914,0.46546,31195000000,13365000000,17830000000
CMCSA,2016-12-31,0.01272,0.03985,0.48164,31249000000,14923000000,16326000000
CMCSA,2017-03-31,0.01406,0.04341,0.54055,30322000000,14331000000,15991000000
CMCSA,2017-06-30,0.01373,0.04386,0.53151,31431000000,14470000000,16961000000
CMCSA,2017-09-30,0.0143,0.04599,0.56407,31097000000,14636000000,16461000000
CMCSA,2017-12-31,0.07994,0.2116,3.21636,32831000000,15172000000,17659000000
CMCSA,2018-03-31,0.01634,0.04327,0.673,33508000000,14562000000,18946000000
CMCSA,2018-06-30,0.01682,0.044,0.69943,32156000000,14627000000,17529000000
CMCSA,2018-09-30,0.01438,0.03918,0.63234,32723000000,14821000000,17902000000
CMCSA,2018-12-31,0.00998,0.03402,0.55296,41926000000,21023000000,20903000000
CMCSA,2019-03-31,0.01387,0.04604,0.78363,39967000000,20803000000,19164000000
CMCSA,2019-06-30,0.01218,0.03948,0.68727,40105000000,22001000000,18104000000
CMCSA,2019-09-30,0.01255,0.03995,0.70688,39998000000,22006000000,17992000000
CMCSA,2019-12-31,0.012,0.03709,0.69342,42249000000,23072000000,19177000000
CSCO,2010-06-30,0.02764,0.04999,0.38248,14653000000,3778000000,10875000000
CSCO,2010-09-30,0.02385,0.04369,0.34013,15304000000,4114000000,11190000000
CSCO,2010-12-31,0.02412,0.04318,0.34495,15154000000,3568000000,11586000000
CSCO,2011-03-31,0.01855,0.03329,0.275,14984000000,3566000000,11418000000
CSCO,2011-06-30,0.02117,0.03828,0.32807,15342000000,3841000000,11501000000
CSCO,2011-09-30,0.01415,0.02607,0.22474,16600000000,4159000000,12441000000
CSCO,2011-12-31,0.02043,0.03764,0.32944,15936000000,3920000000,12016000000
CSCO,2012-03-31,0.02445,0.04429,0.40648,15858000000,3847000000,12011000000
CSCO,2012-06-30,0.02375,0.04214,0.40182,16007000000,3982000000,12025000000
CSCO,2012-09-30,0.02089,0.03737,0.35966,16404000000,4063000000,12341000000
CSCO,2012-12-31,0.02258,0.0397,0.39464,16464000000,3799000000,12665000000
CSCO,2013-03-31,0.03261,0.05661,0.59101,16652000000,3898000000,12754000000
CSCO,2013-06-30,0.02552,0.04363,0.465,16785000000,3967000000,12818000000
CSCO,2013-09-30,0.02243,0.03839,0.42288,16950000000,4403000000,12547000000
CSCO,2013-12-31,0.01981,0.03388,0.37114,17037000000,3796000000,13241000000
CSCO,2014-03-31,0.01452,0.02548,0.26993,15439000000,3297000000,12142000000
CSCO,2014-06-30,0.02141,0.03909,0.42407,16009000000,3864000000,12145000000
CSCO,2014-09-30,0.02139,0.03966,0.43878,17081000000,4372000000,12709000000
CSCO,2014-12-31,0.01758,0.03223,0.35759,17236000000,3754000000,13482000000
CSCO,2015-03-31,0.02285,0.04152,0.46844,16404000000,3682000000,12722000000
CSCO,2015-06-30,0.02294,0.04142,0.47766,16737000000,3924000000,12813000000
CSCO,2015-09-30,0.02045,0.03884,0.45605,17695000000,4215000000,13480000000
CSCO,2015-12-31,0.02174,0.04051,0.47835,17435000000,3852000000,13583000000
CSCO,2016-03-31,0.02794,0.05169,0.62071,16065000000,3999000000,12066000000
CSCO,2016-06-30,0.0198,0.03767,0.46681,16737000000,3904000000,12833000000
CSCO,2016-09-30,0.02312,0.04424,0.55924,17310000000,4524000000,12786000000
CSCO,2016-12-31,0.01839,0.03662,0.46191,17359000000,3647000000,13712000000
CSCO,2017-03-31,0.0186,0.03679,0.4682,15963000000,3536000000,12427000000
CSCO,2017-06-30,0.01997,0.03847,0.5025,16289000000,4064000000,12225000000
CSCO,2017-09-30,0.01867,0.03665,0.48548,16645000000,4378000000,12267000000
CSCO,2017-12-31,0.01834,0.03652,0.48276,16807000000,3925000000,12882000000
CSCO,2018-03-31,-0.06675,-0.16887,-1.7827,16312000000,6000000000,10312000000
CSCO,2018-06-30,0.0236,0.05767,0.56168,17088000000,5480000000,11608000000
CSCO,2018-09-30,0.03496,0.08802,0.81365,17420000000,5894000000,11526000000
CSCO,2018-12-31,0.03366,0.08094,0.77744,17413000000,5511000000,11902000000
CSCO,2019-03-31,0.02754,0.06919,0.63132,17008000000,5364000000,11644000000
CSCO,2019-06-30,0.03129,0.08271,0.69657,17618000000,5847000000,11771000000
CSCO,2019-09-30,0.02256,0.06571,0.51651,18312000000,6429000000,11883000000
CSCO,2019-12-31,0.03164,0.085,0.68912,18044000000,5545000000,12499000000
GOOG,2010-06-30,0.0383,0.04531,5.7798,8808000000,2575000000,6233000000
GOOG,2010-09-30,0.04062,0.05006,6.80127,9473000000,3225000000,6248000000
GOOG,2010-12-31,0.04396,0.05499,7.94822,10953000000,3776000000,7177000000
GOOG,2011-03-31,0.02999,0.03681,5.59207,11418000000,3796000000,7622000000
GOOG,2011-06-30,0.03862,0.04818,7.774,11999000000,4156000000,7843000000
GOOG,2011-09-30,0.0395,0.04977,8.44486,13004000000,4126000000,8878000000
GOOG,2011-12-31,0.03727,0.04652,8.34356,13959000000,5141000000,8818000000
GOOG,2012-03-31,0.03746,0.04683,8.88413,14112000000,4428000000,9684000000
GOOG,2012-06-30,0.03236,0.04303,8.53582,15700000000,8127000000,7573000000
GOOG,2012-09-30,0.02425,0.03199,6.6385,17913000000,8625000000,9288000000
GOOG,2012-12-31,0.03077,0.04024,1.76153,13343000000,9220000000,4123000000
GOOG,2013-03-31,0.0346,0.04433,5.06273,17018000000,7983000000,9035000000
GOOG,2013-06-30,0.0319,0.04094,4.85443,17554000000,8319000000,9235000000
GOOG,2013-09-30,0.02827,0.03579,4.45123,18338000000,8666000000,9672000000
GOOG,2013-12-31,0.02875,0.03653,4.76206,20732000000,10463000000,10269000000
GOOG,2014-03-31,0.02962,0.03764,5.13242,20764000000,8133000000,12631000000
GOOG,2014-06-30,0.02756,0.035,4.9636,21538000000,8816000000,12722000000
GOOG,2014-09-30,0.02178,0.02772,4.04521,22627000000,9490000000,13137000000
GOOG,2014-12-31,0.03556,0.04423,6.76642,24886000000,11240000000,13646000000
GOOG,2015-03-31,0.02635,0.03241,5.16217,23713000000,9971000000,13742000000
GOOG,2015-06-30,0.02456,0.0305,4.98671,24046000000,10948000000,13098000000
GOOG,2015-09-30,0.02758,0.03423,5.79662,25605000000,11249000000,14356000000
GOOG,2015-12-31,0.03339,0.04091,7.16034,29090000000,12869000000,16221000000
GOOG,2016-03-31,0.02809,0.03405,6.11911,27524000000,11359000000,16165000000
GOOG,2016-06-30,0.03161,0.03814,7.10706,28902000000,12157000000,16745000000
GOOG,2016-09-30,0.03164,0.03774,7.3608,30436000000,13400000000,17036000000
GOOG,2016-12-31,0.03184,0.03836,7.73107,34828000000,15657000000,19171000000
GOOG,2017-03-31,0.03141,0.03743,7.84609,33137000000,14108000000,19029000000
GOOG,2017-06-30,0.01973,0.02376,5.09279,34779000000,17459000000,17320000000
GOOG,2017-09-30,0.03552,0.04285,9.70749,36614000000,19424000000,17190000000
GOOG,2017-12-31,-0.01531,-0.0198,-4.34779,42715000000,22751000000,19964000000
GOOG,2018-03-31,0.04543,0.05845,13.53145,41824000000,22469000000,19355000000
GOOG,2018-06-30,0.0151,0.01972,4.59755,43553000000,28189000000,15364000000
GOOG,2018-09-30,0.04149,0.05412,13.21385,44889000000,29549000000,15340000000
GOOG,2018-12-31,0.03844,0.05037,12.87039,52431000000,32836000000,19595000000
GOOG,2019-03-31,0.02713,0.03628,9.58022,48361000000,33243000000,15118000000
GOOG,2019-06-30,0.03869,0.05176,14.33349,51412000000,35283000000,16129000000
GOOG,2019-09-30,0.02687,0.03625,10.20295,54253000000,37545000000,16708000000
GOOG,2019-12-31,0.03868,0.05297,15.49205,61864000000,43313000000,18551000000
INTC,2010-06-30,0.05004,0.06298,0.51896,14019000000,5046000000,8973000000
INTC,2010-09-30,0.04877,0.06195,0.53004,14287000000,5190000000,9097000000
INTC,2010-12-31,0.05028,0.06427,0.57212,14843000000,6185000000,8658000000
INTC,2011-03-31,0.04821,0.06674,0.5796,16574000000,6077000000,10497000000
INTC,2011-06-30,0.0447,0.06063,0.55799,16999000000,5939000000,11060000000
INTC,2011-09-30,0.04916,0.0752,0.66769,18466000000,6484000000,11982000000
INTC,2011-12-31,0.04724,0.07319,0.6609,18240000000,7038000000,11202000000
INTC,2012-03-31,0.03812,0.05855,0.54771,17361000000,5586000000,11775000000
INTC,2012-06-30,0.03907,0.05796,0.56292,18223000000,6349000000,11874000000
INTC,2012-09-30,0.03992,0.06032,0.59488,18131000000,6604000000,11527000000
INTC,2012-12-31,0.02926,0.0482,0.49688,18139000000,7010000000,11129000000
INTC,2013-03-31,0.02461,0.03995,0.4133,17127000000,5142000000,11985000000
INTC,2013-06-30,0.02335,0.03715,0.40177,17562000000,5905000000,11657000000
INTC,2013-09-30,0.03258,0.0532,0.59225,18269000000,6538000000,11731000000
INTC,2013-12-31,0.02842,0.04506,0.52785,18740000000,7113000000,11627000000
INTC,2014-03-31,0.02099,0.03325,0.38802,17730000000,6008000000,11722000000
INTC,2014-06-30,0.03046,0.04719,0.56133,18823000000,6436000000,12387000000
INTC,2014-09-30,0.03661,0.05916,0.67971,19452000000,6628000000,12824000000
INTC,2014-12-31,0.03984,0.06553,0.76767,19832000000,7315000000,12517000000
INTC,2015-03-31,0.02224,0.03627,0.42016,17791000000,5800000000,11991000000
INTC,2015-06-30,0.0299,0.0469,0.56861,18299000000,5952000000,12347000000
INTC,2015-09-30,0.03155,0.05445,0.65494,19370000000,6209000000,13161000000
INTC,2015-12-31,0.03561,0.05915,0.7653,20218000000,6161000000,14057000000
INTC,2016-03-31,0.0194,0.03345,0.43329,19264000000,5817000000,13447000000
INTC,2016-06-30,0.01211,0.02167,0.28124,18774000000,6965000000,11809000000
INTC,2016-09-30,0.0301,0.05352,0.71356,20927000000,7111000000,13816000000
INTC,2016-12-31,0.03143,0.05379,0.75227,21778000000,5940000000,15838000000
INTC,2017-03-31,0.02563,0.04434,0.62757,20244000000,6138000000,14106000000
INTC,2017-06-30,0.023,0.04092,0.59618,19912000000,6838000000,13074000000
INTC,2017-09-30,0.03553,0.06366,0.96331,21068000000,7251000000,13817000000
INTC,2017-12-31,-0.00557,-0.00995,-0.1467,22201000000,6454000000,15747000000
INTC,2018-03-31,0.03464,0.06348,0.95293,21327000000,6533000000,14794000000
INTC,2018-06-30,0.03974,0.07147,1.07679,22108000000,6744000000,15364000000
INTC,2018-09-30,0.04989,0.0895,1.39878,24246000000,6688000000,17558000000
INTC,2018-12-31,0.0406,0.06967,1.14251,23660000000,7446000000,16214000000
INTC,2019-03-31,0.0307,0.05395,0.88468,20976000000,6043000000,14933000000
INTC,2019-06-30,0.03196,0.05576,0.93574,21582000000,7236000000,14346000000
INTC,2019-09-30,0.04478,0.08068,1.36415,23934000000,8029000000,15905000000
INTC,2019-12-31,0.05058,0.08909,1.59875,25185000000,7981000000,17204000000
JNJ,2010-06-30,0.03737,0.06526,1.25118,21734000000,13449000000,8285000000
JNJ,2010-09-30,0.03478,0.05964,1.24182,21348000000,14571000000,6777000000
JNJ,2010-12-31,0.01887,0.03432,0.70824,22806000000,15455000000,7351000000
JNJ,2011-03-31,0.03214,0.05807,1.26935,22967000000,15436000000,7531000000
JNJ,2011-06-30,0.02476,0.04468,1.01295,23694000000,15939000000,7755000000
JNJ,2011-09-30,0.02864,0.05204,1.16989,23018000000,16360000000,6658000000
JNJ,2011-12-31,0.00192,0.00382,0.07991,23868000000,16153000000,7715000000
JNJ,2012-03-31,0.03365,0.06372,1.42862,22799000000,14759000000,8040000000
JNJ,2012-06-30,0.01216,0.0233,0.51248,23206000000,17808000000,5398000000
JNJ,2012-09-30,0.02495,0.04655,1.07638,24203000000,18512000000,5691000000
JNJ,2012-12-31,0.02115,0.0396,0.92621,25550000000,19586000000,5964000000
JNJ,2013-03-31,0.02877,0.05231,1.25332,24512000000,17995000000,6517000000
JNJ,2013-06-30,0.03083,0.05502,1.3642,25199000000,18428000000,6771000000
JNJ,2013-09-30,0.02349,0.04272,1.05805,24931000000,20476000000,4455000000
JNJ,2013-12-31,0.02652,0.04752,1.24854,26683000000,20823000000,5860000000
JNJ,2014-03-31,0.03545,0.06172,1.67221,25129000000,19891000000,5238000000
JNJ,2014-06-30,0.032,0.05543,1.53057,26981000000,20540000000,6441000000
JNJ,2014-09-30,0.03595,0.062,1.68739,25958000000,20867000000,5091000000
JNJ,2014-12-31,0.01934,0.03614,0.90255,26711000000,21393000000,5318000000
JNJ,2015-03-31,0.0336,0.06364,1.5525,24120000000,19791000000,4329000000
JNJ,2015-06-30,0.0342,0.06349,1.62897,25300000000,19290000000,6010000000
JNJ,2015-09-30,0.0252,0.04693,1.21298,24337000000,19583000000,4754000000
JNJ,2015-12-31,0.0241,0.04519,1.16321,26566000000,20743000000,5823000000
JNJ,2016-03-31,0.03272,0.06135,1.61649,24183000000,19018000000,5165000000
JNJ,2016-06-30,0.02859,0.05515,1.45589,25922000000,19828000000,6094000000
JNJ,2016-09-30,0.03043,0.05871,1.56392,24770000000,19787000000,4983000000
JNJ,2016-12-31,0.02701,0.05416,1.40479,26055000000,21603000000,4452000000
JNJ,2017-03-31,0.03051,0.06287,1.63378,24563000000,19764000000,4799000000
JNJ,2017-06-30,0.02504,0.05321,1.42167,26386000000,21663000000,4723000000
JNJ,2017-09-30,0.02418,0.05088,1.40207,27620000000,23315000000,4305000000
JNJ,2017-12-31,-0.0681,-0.17808,-3.99009,29855000000,26631000000,3224000000
JNJ,2018-03-31,0.02788,0.06904,1.62814,27676000000,24385000000,3291000000
JNJ,2018-06-30,0.02545,0.06287,1.47411,29212000000,24810000000,4402000000
JNJ,2018-09-30,0.02527,0.06087,1.46616,28399000000,25664000000,2735000000
JNJ,2018-12-31,0.01989,0.05091,1.1358,29609000000,28434000000,1175000000
JNJ,2019-03-31,0.02499,0.06359,1.40897,28098000000,27403000000,695000000
JNJ,2019-06-30,0.03615,0.09224,2.11385,28774000000,29634000000,-860000000
JNJ,2019-09-30,0.01127,0.03012,0.66522,28702000000,32863000000,-4161000000
JNJ,2019-12-31,0.02542,0.06743,1.52361,30018000000,34762000000,-4744000000
KO,2010-06-30,0.0489,0.09179,0.51366,11630000000,6652000000,4978000000
KO,2010-09-30,0.03799,0.07287,0.44481,11590000000,8120000000,3470000000
KO,2010-12-31,0.07884,0.18357,1.2433,15586000000,9132000000,6454000000
KO,2011-03-31,0.02502,0.05838,0.41514,14802000000,8524000000,6278000000
KO,2011-06-30,0.03496,0.07904,0.61135,17306000000,9382000000,7924000000
KO,2011-09-30,0.0272,0.06639,0.48655,16867000000,10101000000,6766000000
KO,2011-12-31,0.02072,0.05191,0.36522,15721000000,9371000000,6350000000
KO,2012-03-31,0.02448,0.06183,0.45392,15417000000,10082000000,5335000000
KO,2012-06-30,0.03274,0.08545,0.61804,17652000000,10390000000,7262000000
KO,2012-09-30,0.02667,0.0688,0.51333,17034000000,10459000000,6575000000
KO,2012-12-31,0.02165,0.05626,0.4167,16099000000,9151000000,6948000000
KO,2013-03-31,0.0198,0.05323,0.39304,15338000000,9829000000,5509000000
KO,2013-06-30,0.0299,0.08201,0.60189,17266000000,10494000000,6772000000
KO,2013-09-30,0.02736,0.07537,0.55287,16795000000,11008000000,5787000000
KO,2013-12-31,0.01899,0.05114,0.38784,15660000000,9886000000,5774000000
KO,2014-03-31,0.01773,0.04918,0.36787,14693000000,10255000000,4438000000
KO,2014-06-30,0.02718,0.07565,0.59098,17159000000,11029000000,6130000000
KO,2014-09-30,0.02195,0.06279,0.48232,16611000000,11045000000,5566000000
KO,2014-12-31,0.00837,0.0252,0.17608,15936000000,9634000000,6302000000
KO,2015-03-31,0.01711,0.05355,0.3567,15023000000,9542000000,5481000000
KO,2015-06-30,0.03323,0.10852,0.71366,17029000000,10434000000,6595000000
KO,2015-09-30,0.01558,0.05516,0.33318,15898000000,10260000000,5638000000
KO,2015-12-31,0.01375,0.04801,0.28509,14428000000,9991000000,4437000000
KO,2016-03-31,0.01625,0.05902,0.34265,14354000000,9901000000,4453000000
KO,2016-06-30,0.03664,0.12847,0.79759,15748000000,10610000000,5138000000
KO,2016-09-30,0.01114,0.03986,0.24241,14864000000,11549000000,3315000000
KO,2016-12-31,0.0063,0.02369,0.12785,13669000000,9797000000,3872000000
KO,2017-03-31,0.01296,0.05124,0.27572,12760000000,10519000000,2241000000
KO,2017-06-30,0.01504,0.06207,0.32085,13667000000,10714000000,2953000000
KO,2017-09-30,0.01599,0.06532,0.33919,12641000000,10567000000,2074000000
KO,2017-12-31,-0.03131,-0.14502,-0.64571,10995000000,9158000000,1837000000
KO,2018-03-31,0.01467,0.06328,0.32075,10703000000,10797000000,-94000000
KO,2018-06-30,0.02585,0.11479,0.5443,11875000000,11204000000,671000000
KO,2018-09-30,0.02164,0.09317,0.44183,10905000000,10630000000,275000000
KO,2018-12-31,0.01045,0.04565,0.20418,9759000000,9310000000,449000000
KO,2019-03-31,0.01899,0.08473,0.39288,10714000000,11241000000,-527000000
KO,2019-06-30,0.02897,0.12846,0.61068,13085000000,13603000000,-518000000
KO,2019-09-30,0.02966,0.12537,0.60584,12748000000,13636000000,-888000000
KO,2019-12-31,0.02364,0.09679,0.47666,13280000000,11726000000,1554000000
MA,2010-06-30,0.06163,0.11103,3.49618,2013000000,1758000000,255000000
MA,2010-09-30,0.06368,0.10719,3.96947,2090000000,1805000000,285000000
MA,2010-12-31,0.04696,0.07956,3.14394,2307000000,1587000000,720000000
MA,2011-03-31,0.0661,0.10804,4.32308,2166000000,1631000000,535000000
MA,2011-06-30,0.06737,0.11093,4.7874,2449000000,1624000000,825000000
MA,2011-09-30,0.07391,0.11953,5.62992,2634000000,1746000000,888000000
MA,2011-12-31,0.00196,0.00357,0.00444,2696000000,2740000000,-44000000
MA,2012-03-31,0.06127,0.10691,0.5387,2516000000,2619000000,-103000000
MA,2012-06-30,0.06228,0.11154,0.556,2646000000,2595000000,51000000
MA,2012-09-30,0.0637,0.1115,0.61909,2772000000,2729000000,43000000
MA,2012-12-31,0.04855,0.08731,0.4879,2891000000,2831000000,60000000
MA,2013-03-31,0.06487,0.11338,0.6248,2705000000,2689000000,16000000
MA,2013-06-30,0.07054,0.12064,0.69852,2964000000,2599000000,365000000
MA,2013-09-30,0.06402,0.11463,0.72946,3188000000,3011000000,177000000
MA,2013-12-31,0.04374,0.08312,0.5196,3169000000,3325000000,-156000000
MA,2014-03-31,0.05878,0.13226,0.73418,3059000000,3284000000,-225000000
MA,2014-06-30,0.06477,0.14745,0.79914,3353000000,3122000000,231000000
MA,2014-09-30,0.06924,0.15501,0.87727,3560000000,3206000000,354000000
MA,2014-12-31,0.05225,0.11738,0.69471,3804000000,3629000000,175000000
MA,2015-03-31,0.06971,0.16104,0.8885,3109000000,3306000000,-197000000
MA,2015-06-30,0.06031,0.1431,0.80931,3468000000,3588000000,-120000000
MA,2015-09-30,0.06676,0.15513,0.8646,3691000000,3604000000,87000000
MA,2015-12-31,0.05477,0.14682,0.79464,3927000000,3944000000,-17000000
MA,2016-03-31,0.0603,0.17402,0.86474,3544000000,3995000000,-451000000
MA,2016-06-30,0.06037,0.16749,0.89526,3901000000,4015000000,-114000000
MA,2016-09-30,0.06835,0.18947,1.08029,4090000000,4367000000,-277000000
MA,2016-12-31,0.04996,0.16414,0.85675,4139000000,4649000000,-510000000
MA,2017-03-31,0.05821,0.19173,1.00278,3947000000,4572000000,-625000000
MA,2017-06-30,0.05933,0.19788,1.1,4453000000,4696000000,-243000000
MA,2017-09-30,0.06838,0.21872,1.34525,4855000000,5116000000,-261000000
MA,2017-12-31,0.01064,0.04077,0.21476,5102000000,5573000000,-471000000
MA,2018-03-31,0.06503,0.25715,1.4196,5218000000,5699000000,-481000000
MA,2018-06-30,0.06982,0.29327,1.50431,5169000000,5712000000,-543000000
MA,2018-09-30,0.08136,0.32367,1.83124,5480000000,6047000000,-567000000
MA,2018-12-31,0.03616,0.16378,0.87028,5623000000,6875000000,-1252000000
MA,2019-03-31,0.07917,0.35379,1.81481,5565000000,6412000000,-847000000
MA,2019-06-30,0.08281,0.40086,2.00784,5829000000,6119000000,-290000000
MA,2019-09-30,0.08114,0.41751,2.08095,6279000000,6428000000,-149000000
MA,2019-12-31,0.07183,0.35053,2.08127,6429000000,6892000000,-463000000
MSFT,2010-06-30,0.05247,0.09785,0.51842,22978000000,7308000000,15670000000
MSFT,2010-09-30,0.0591,0.11525,0.62805,22135000000,5906000000,16229000000
MSFT,2010-12-31,0.07187,0.13684,0.78075,26908000000,6265000000,20643000000
MSFT,2011-03-31,0.05246,0.09788,0.62138,23250000000,6746000000,16504000000
MSFT,2011-06-30,0.05404,0.1029,0.69688,24855000000,7772000000,17083000000
MSFT,2011-09-30,0.05342,0.09661,0.68375,23764000000,6107000000,17657000000
MSFT,2011-12-31,0.05901,0.1033,0.78838,28138000000,6561000000,21577000000
MSFT,2012-03-31,0.04328,0.0744,0.60802,24488000000,7062000000,17426000000
MSFT,2012-06-30,-0.00406,-0.00741,-0.05865,25570000000,8050000000,17520000000
MSFT,2012-09-30,0.03664,0.06488,0.53192,22540000000,6297000000,16243000000
MSFT,2012-12-31,0.04956,0.08787,0.7598,29449000000,7298000000,22151000000
MSFT,2013-03-31,0.04515,0.07896,0.72394,28579000000,8006000000,20573000000
MSFT,2013-06-30,0.03486,0.06289,0.59482,27981000000,8945000000,19036000000
MSFT,2013-09-30,0.03684,0.06423,0.62885,25579000000,7697000000,17882000000
MSFT,2013-12-31,0.04271,0.07706,0.78765,32747000000,8567000000,24180000000
MSFT,2014-03-31,0.03625,0.06474,0.68324,27854000000,8470000000,19384000000
MSFT,2014-06-30,0.02675,0.05137,0.55923,32522000000,12229000000,20293000000
MSFT,2014-09-30,0.02676,0.05035,0.55037,31145000000,10509000000,20636000000
MSFT,2014-12-31,0.03353,0.06381,0.71257,34785000000,10411000000,24374000000
MSFT,2015-03-31,0.02821,0.05531,0.61038,29513000000,10592000000,18921000000
MSFT,2015-06-30,-0.01831,-0.0399,-0.39621,30507000000,11687000000,18820000000
MSFT,2015-09-30,0.02835,0.0633,0.61306,27758000000,10080000000,17678000000
MSFT,2015-12-31,0.02786,0.06536,0.63009,31694000000,10585000000,21109000000
MSFT,2016-03-31,0.02065,0.05021,0.47574,28057000000,11035000000,17022000000
MSFT,2016-06-30,0.03547,0.09532,0.87482,34831000000,12162000000,22669000000
MSFT,2016-09-30,0.02667,0.08053,0.72756,29297000000,9917000000,19380000000
MSFT,2016-12-31,0.0279,0.09108,0.80812,33846000000,10562000000,23284000000
MSFT,2017-03-31,0.02438,0.07868,0.71016,31641000000,10821000000,20820000000
MSFT,2017-06-30,0.03224,0.092,1.04588,34766000000,13209000000,21557000000
MSFT,2017-09-30,0.0264,0.07335,0.85314,33090000000,10974000000,22116000000
MSFT,2017-12-31,-0.02462,-0.08042,-0.81738,38093000000,12277000000,25816000000
MSFT,2018-03-31,0.03024,0.09369,0.96441,36077000000,12772000000,23305000000
MSFT,2018-06-30,0.03428,0.10727,1.15474,40049000000,14720000000,25329000000
MSFT,2018-09-30,0.03425,0.10264,1.15001,38308000000,12782000000,25526000000
MSFT,2018-12-31,0.03253,0.09139,1.09464,42261000000,12187000000,30074000000
MSFT,2019-03-31,0.03346,0.09286,1.1482,40631000000,13308000000,27323000000
MSFT,2019-06-30,0.04602,0.12887,1.72266,44617000000,16212000000,28405000000
MSFT,2019-09-30,0.03828,0.10068,1.39874,43018000000,13250000000,29768000000
MSFT,2019-12-31,0.04119,0.1058,1.52854,47563000000,14232000000,33331000000
NFLX,2010-06-30,0.06271,0.24637,0.11845,647362000,154777000,492585000
NFLX,2010-09-30,0.04929,0.19777,0.10402,692468000,207094000,485374000
NFLX,2010-12-31,0.04795,0.1623,0.12796,722601000,92701000,629900000
NFLX,2011-03-31,0.05525,0.21846,0.16309,896715000,345132000,551583000
NFLX,2011-06-30,0.04343,0.20421,0.18572,972128000,577573000,394555000
NFLX,2011-09-30,0.03184,0.16083,0.16974,1010219000,804778000,205441000
NFLX,2011-12-31,0.01147,0.05479,0.09388,1114123000,141223000,972900000
NFLX,2012-03-31,-0.00132,-0.00691,-0.01181,1117584000,132225000,985359000
NFLX,2012-06-30,0.00177,0.00896,0.01586,1118744000,141845000,976899000
NFLX,2012-09-30,0.00202,0.01071,0.01974,1131405000,162192000,969213000
NFLX,2012-12-31,0.00199,0.0106,0.0203,1148781000,139607000,1009174000
NFLX,2013-03-31,0.00062,0.00331,0.00686,1279148000,154826000,1124322000
NFLX,2013-06-30,0.00658,0.02666,0.07235,1320953000,162476000,1158477000
NFLX,2013-09-30,0.00649,0.02642,0.07691,1355978000,147332000,1208646000
NFLX,2013-12-31,0.00895,0.03631,0.11622,1447495000,162453000,1285042000
NFLX,2014-03-31,0.00878,0.03593,0.12685,1573397000,188741000,1384656000
NFLX,2014-06-30,0.01123,0.04412,0.1691,1636366000,235774000,1400592000
NFLX,2014-09-30,0.00875,0.03438,0.14078,1754063000,220933000,1533130000
NFLX,2014-12-31,0.01184,0.04488,0.19743,1890078000,271327000,1618751000
NFLX,2015-03-31,0.00256,0.01241,0.05594,2002401000,297890000,1704511000
NFLX,2015-06-30,0.00273,0.01296,0.06192,2092801000,362135000,1730666000
NFLX,2015-09-30,0.00297,0.01358,0.06895,2229111000,388715000,1840396000
NFLX,2015-12-31,0.00423,0.01942,0.10095,2337407000,393880000,1943527000
NFLX,2016-03-31,0.00246,0.01194,0.0646,2496479000,413548000,2082931000
NFLX,2016-06-30,0.00352,0.01687,0.09511,2666940000,412531000,2254409000
NFLX,2016-09-30,0.00417,0.02037,0.1201,2941496000,486985000,2454511000
NFLX,2016-12-31,0.00491,0.02491,0.15532,3146729000,510474000,2636255000
NFLX,2017-03-31,0.01241,0.05993,0.41389,3359304000,591089000,2768215000
NFLX,2017-06-30,0.00397,0.02108,0.15206,3540813000,522269000,3018544000
NFLX,2017-09-30,0.00764,0.03895,0.2997,3768111000,633166000,3134945000
NFLX,2017-12-31,0.00976,0.05179,0.42831,4218853000,674649000,3544204000
NFLX,2018-03-31,0.0144,0.07216,0.66822,4759059000,865614000,3893445000
NFLX,2018-06-30,0.01696,0.08548,0.88336,5062460000,840814000,4221646000
NFLX,2018-09-30,0.01724,0.08041,0.92434,5105734000,968506000,4137228000
NFLX,2018-12-31,0.00516,0.02557,0.3069,5088665000,1040402000,4048263000
NFLX,2019-03-31,0.01264,0.06033,0.7874,5712286000,1185764000,4526522000
NFLX,2019-06-30,0.00897,0.04433,0.61851,6134156000,1193006000,4941150000
NFLX,2019-09-30,0.0215,0.09695,1.51851,6411652000,1481852000,4929800000
NFLX,2019-12-31,0.01728,0.07741,1.33837,7010333000,1517390000,5492943000
NVDA,2010-06-30,0.03618,0.0481,0.24259,1310797000,362740000,948057000
NVDA,2010-09-30,-0.03778,-0.05106,-0.24611,1120707000,280041000,840666000
NVDA,2010-12-31,0.02167,0.02928,0.14699,1132191000,324770000,807421000
NVDA,2011-03-31,0.03819,0.05395,0.29421,1189957000,286138000,903819000
NVDA,2011-06-30,0.02855,0.03922,0.22733,1291680000,346295000,945385000
NVDA,2011-09-30,0.03116,0.04108,0.25206,1367771000,297813000,1069958000
NVDA,2011-12-31,0.03503,0.04487,0.29366,1425807000,307943000,1117864000
NVDA,2012-03-31,0.02089,0.02799,0.18978,1320890000,335072000,985818000
NVDA,2012-06-30,0.01059,0.0141,0.09815,1315415000,395578000,919837000
NVDA,2012-09-30,0.02021,0.02673,0.19232,1445366000,417250000,1028116000
NVDA,2012-12-31,0.03442,0.04427,0.33595,1588551000,390265000,1198286000
NVDA,2013-03-31,0.02713,0.03604,0.28053,1508931000,356428000,1152503000
NVDA,2013-06-30,0.0124,0.01614,0.12627,1390526000,328259000,1062267000
NVDA,2013-09-30,0.01732,0.02312,0.16477,1417242000,310271000,1106971000
NVDA,2013-12-31,0.02079,0.02748,0.20441,1497394000,333283000,1164111000
NVDA,2014-03-31,0.02026,0.03297,0.25826,1596838000,324391000,1272447000
NVDA,2014-06-30,0.01996,0.03288,0.24508,1556000000,309008000,1246992000
NVDA,2014-09-30,0.01846,0.02973,0.22939,1559000000,261627000,1297373000
NVDA,2014-12-31,0.02512,0.04115,0.31569,1688000000,328097000,1359903000
NVDA,2015-03-31,0.0268,0.04368,0.35543,1719000000,293000000,1426000000
NVDA,2015-06-30,0.01838,0.02941,0.24408,1628000000,222000000,1406000000
NVDA,2015-09-30,0.00373,0.00621,0.04806,1622000000,277000000,1345000000
NVDA,2015-12-31,0.03429,0.0551,0.45387,1786000000,295000000,1491000000
NVDA,2016-03-31,0.02822,0.04654,0.38519,1907000000,296000000,1611000000
NVDA,2016-06-30,0.02926,0.04957,0.38734,1810000000,320000000,1490000000
NVDA,2016-09-30,0.03498,0.05826,0.48876,1935000000,423000000,1512000000
NVDA,2016-12-31,0.05639,0.1018,1.00743,2548000000,523000000,2025000000
NVDA,2017-03-31,0.06656,0.11368,1.18018,2743000000,485000000,2258000000
NVDA,2017-06-30,0.05388,0.08268,0.85642,2533000000,348000000,2185000000
NVDA,2017-09-30,0.06201,0.09761,0.97655,2844000000,431000000,2413000000
NVDA,2017-12-31,0.08525,0.13193,1.38972,3310000000,511000000,2799000000
NVDA,2018-03-31,0.09955,0.14978,1.85265,3639000000,596000000,3043000000
NVDA,2018-06-30,0.10855,0.1612,2.05281,3980000000,623000000,3357000000
NVDA,2018-09-30,0.08547,0.12518,1.81384,3941000000,800000000,3141000000
NVDA,2018-12-31,0.09006,0.12982,2.0197,4044000000,902000000,3142000000
NVDA,2019-03-31,0.04258,0.06059,0.92787,3118000000,511000000,2607000000
NVDA,2019-06-30,0.0281,0.0406,0.64909,3158000000,368000000,2790000000
NVDA,2019-09-30,0.03736,0.05341,0.9064,3549000000,437000000,3112000000
NVDA,2019-12-31,0.05686,0.08017,1.47377,4003000000,591000000,3412000000
PFE,2010-06-30,0.01295,0.02849,0.29185,25494000000,7044000000,18450000000
PFE,2010-09-30,0.00452,0.00983,0.10236,23938000000,6680000000,17258000000
PFE,2010-12-31,0.01482,0.03274,0.34231,24944000000,8626000000,16318000000
PFE,2011-03-31,0.0114,0.02454,0.26411,24472000000,7558000000,16914000000
PFE,2011-06-30,0.01332,0.02934,0.31445,24900000000,8999000000,15901000000
PFE,2011-09-30,0.01906,0.04129,0.45643,24631000000,7979000000,16652000000
PFE,2011-12-31,0.00765,0.01742,0.17868,18759000000,8603000000,10156000000
PFE,2012-03-31,0.00966,0.02144,0.22583,22335000000,6774000000,15561000000
PFE,2012-06-30,0.01779,0.04068,0.41283,20508000000,8582000000,11926000000
PFE,2012-09-30,0.01757,0.03907,0.40931,19542000000,6492000000,13050000000
PFE,2012-12-31,0.03399,0.07732,0.81862,20034000000,7508000000,12526000000
PFE,2013-03-31,0.01467,0.0332,0.36303,18556000000,6126000000,12430000000
PFE,2013-06-30,0.0786,0.17847,1.89902,19234000000,5997000000,13237000000
PFE,2013-09-30,0.01476,0.03306,0.37339,18782000000,4840000000,13942000000
PFE,2013-12-31,0.01492,0.03352,0.37821,20644000000,7367000000,13277000000
PFE,2014-03-31,0.01356,0.02983,0.34586,17133000000,5156000000,11977000000
PFE,2014-06-30,0.01687,0.03784,0.43386,19053000000,7031000000,12022000000
PFE,2014-09-30,0.01557,0.03407,0.39989,18691000000,5706000000,12985000000
PFE,2014-12-31,0.00733,0.01715,0.18502,21257000000,7293000000,13964000000
PFE,2015-03-31,0.01479,0.03515,0.36342,16793000000,5347000000,11446000000
PFE,2015-06-30,0.01633,0.0391,0.40468,17845000000,7359000000,10486000000
PFE,2015-09-30,0.01246,0.03172,0.32748,18016000000,8355000000,9661000000
PFE,2015-12-31,-0.00103,-0.00266,-0.02659,22424000000,8249000000,14175000000
PFE,2016-03-31,0.01852,0.04763,0.46544,19127000000,5770000000,13357000000
PFE,2016-06-30,0.01183,0.03201,0.31568,19327000000,7322000000,12005000000
PFE,2016-09-30,0.0074,0.02075,0.20646,19453000000,8503000000,10950000000
PFE,2016-12-31,0.005,0.01434,0.13406,21682000000,9404000000,12278000000
PFE,2017-03-31,0.01849,0.05313,0.49302,18981000000,6041000000,12940000000
PFE,2017-06-30,0.01824,0.05237,0.48951,19309000000,7520000000,11789000000
PFE,2017-09-30,0.0165,0.04647,0.45278,19704000000,8324000000,11380000000
PFE,2017-12-31,0.07144,0.17129,1.95225,21751000000,9358000000,12393000000
PFE,2018-03-31,0.02163,0.05048,0.56716,19257000000,7404000000,11853000000
PFE,2018-06-30,0.02347,0.05522,0.62626,19996000000,10448000000,9548000000
PFE,2018-09-30,0.02452,0.05742,0.66454,20053000000,11137000000,8916000000
PFE,2018-12-31,-0.00248,-0.0062,-0.06473,21695000000,10383000000,11312000000
PFE,2019-03-31,0.02498,0.06564,0.65378,19343000000,7802000000,11541000000
PFE,2019-06-30,0.0323,0.08419,0.86058,19801000000,9404000000,10397000000
PFE,2019-09-30,0.04505,0.11742,1.3139,19435000000,10195000000,9240000000
PFE,2019-12-31,-0.00199,-0.00526,-0.05726,20781000000,10024000000,10757000000
PG,2010-06-30,0.01705,0.03556,0.71284,23766000000,15810000000,7956000000
PG,2010-09-30,0.02305,0.04875,1.01831,26054000000,16128000000,9926000000
PG,2010-12-31,0.02482,0.0515,1.11093,28147000000,16083000000,12064000000
PG,2011-03-31,0.02104,0.04261,0.95789,26292000000,16454000000,9838000000
PG,2011-06-30,0.01814,0.03691,0.84158,26361000000,17312000000,9049000000
PG,2011-09-30,0.02213,0.04607,1.02655,28004000000,16492000000,11512000000
PG,2011-12-31,0.01258,0.02604,0.57294,28403000000,15674000000,12729000000
PG,2012-03-31,0.01791,0.03658,0.82068,26830000000,15133000000,11697000000
PG,2012-06-30,0.02746,0.0567,1.23862,24753000000,16209000000,8544000000
PG,2012-09-30,0.02071,0.04333,0.95985,27177000000,16584000000,10593000000
PG,2012-12-31,0.029,0.06026,1.38981,28978000000,16411000000,12567000000
PG,2013-03-31,0.01844,0.03776,0.87556,27447000000,16314000000,11133000000
PG,2013-06-30,0.01346,0.02729,0.63756,22514000000,17605000000,4909000000
PG,2013-09-30,0.02145,0.04399,1.10668,26966000000,16917000000,10049000000
PG,2013-12-31,0.02398,0.04888,1.26066,27422000000,16636000000,10786000000
PG,2014-03-31,0.01822,0.03725,0.96163,25936000000,16590000000,9346000000
PG,2014-06-30,0.01788,0.03686,0.95106,15538000000,17460000000,-1922000000
PG,2014-09-30,0.0144,0.02978,0.73415,24175000000,17834000000,6341000000
PG,2014-12-31,0.01741,0.0366,0.87667,23853000000,16586000000,7267000000
PG,2015-03-31,0.01644,0.03397,0.79397,21908000000,15691000000,6217000000
PG,2015-06-30,0.00402,0.00826,0.19163,21429000000,16229000000,5200000000
PG,2015-09-30,0.02012,0.04132,0.95621,21134000000,16252000000,4882000000
PG,2015-12-31,0.02483,0.05146,1.17915,21517000000,15662000000,5855000000
PG,2016-03-31,0.02157,0.04595,1.0228,20277000000,15447000000,4830000000
PG,2016-06-30,0.01535,0.03365,0.73129,21320000000,16774000000,4546000000
PG,2016-09-30,0.02103,0.04604,1.01469,21163000000,17056000000,4107000000
PG,2016-12-31,0.06729,0.14653,3.03281,21539000000,15884000000,5655000000
PG,2017-03-31,0.02136,0.04623,0.98389,20014000000,15301000000,4713000000
PG,2017-06-30,0.0184,0.03971,0.86598,20910000000,16656000000,4254000000
PG,2017-09-30,0.02322,0.05148,1.1186,21342000000,16698000000,4644000000
PG,2017-12-31,0.0197,0.04559,0.98465,22120000000,17560000000,4560000000
PG,2018-03-31,0.02019,0.0457,0.99536,20923000000,17849000000,3074000000
PG,2018-06-30,0.01598,0.03576,0.75336,21300000000,17814000000,3486000000
PG,2018-09-30,0.02701,0.06093,1.28175,21342000000,18712000000,2630000000
PG,2018-12-31,0.02582,0.05867,1.27775,22061000000,19134000000,2927000000
PG,2019-03-31,0.02256,0.04941,1.09402,21268000000,19459000000,1809000000
PG,2019-06-30,-0.04554,-0.11015,-2.08821,22097000000,20314000000,1783000000
PG,2019-09-30,0.0315,0.07647,1.4349,22583000000,20901000000,1682000000
PG,2019-12-31,0.03327,0.08097,1.49457,23129000000,21011000000,2118000000
T,2010-06-30,0.01496,0.03868,0.67744,43081000000,20639000000,22442000000
T,2010-09-30,0.04575,0.10874,2.08479,44126000000,20899000000,23227000000
T,2010-12-31,0.00404,0.00973,0.18367,48732000000,22597000000,26135000000
T,2011-03-31,0.01271,0.0302,0.57519,43873000000,20894000000,22979000000
T,2011-06-30,0.0132,0.03147,0.60536,44069000000,20693000000,23376000000
T,2011-09-30,0.01305,0.03181,0.61034,44065000000,20408000000,23657000000
T,2011-12-31,-0.02469,-0.06312,-1.12823,54407000000,22564000000,31843000000
T,2012-03-31,0.01331,0.03407,0.60561,44726000000,20178000000,24548000000
T,2012-06-30,0.01465,0.03767,0.66644,44079000000,18852000000,25227000000
T,2012-09-30,0.01362,0.03589,0.62987,44279000000,21447000000,22832000000
T,2012-12-31,-0.01416,-0.04161,-0.68145,53559000000,23050000000,30509000000
T,2013-03-31,0.01365,0.04188,0.67114,44218000000,19963000000,24255000000
T,2013-06-30,0.01405,0.04428,0.71028,44767000000,21839000000,22928000000
T,2013-09-30,0.01389,0.04428,0.71759,44725000000,22809000000,21916000000
T,2013-12-31,0.02549,0.07741,1.34562,41851000000,23511000000,18340000000
T,2014-03-31,0.0128,0.03997,0.69935,45353000000,24624000000,20729000000
T,2014-06-30,0.01209,0.03829,0.68159,45322000000,25354000000,19968000000
T,2014-09-30,0.01087,0.03361,0.60215,45971000000,26504000000,19467000000
T,2014-12-31,-0.01309,-0.04306,-0.74808,53771000000,26030000000,27741000000
T,2015-03-31,0.01059,0.03746,0.62714,45115000000,22859000000,22256000000
T,2015-06-30,0.00944,0.03522,0.59224,45178000000,24001000000,21177000000
T,2015-09-30,0.00749,0.02438,0.5054,54463000000,31172000000,23291000000
T,2015-12-31,0.00995,0.0324,0.64812,56980000000,33322000000,23658000000
T,2016-03-31,0.00942,0.03057,0.61617,55539000000,29124000000,26415000000
T,2016-06-30,0.00848,0.0274,0.55199,56005000000,29699000000,26306000000
T,2016-09-30,0.00826,0.02671,0.53956,56482000000,31797000000,24685000000
T,2016-12-31,0.00603,0.01964,0.39575,58452000000,34146000000,24306000000
T,2017-03-31,0.00842,0.02776,0.5626,54264000000,30132000000,24132000000
T,2017-06-30,0.0093,0.03111,0.63504,54543000000,29479000000,25064000000
T,2017-09-30,0.00682,0.02402,0.49156,54360000000,31936000000,22424000000
T,2017-12-31,0.04287,0.13406,3.08892,57231000000,37540000000,19691000000
T,2018-03-31,0.01044,0.0317,0.7567,51929000000,34643000000,17286000000
T,2018-06-30,0.0096,0.02787,0.80806,54048000000,39118000000,14930000000
T,2018-09-30,0.00882,0.02551,0.64772,63503000000,43010000000,20493000000
T,2018-12-31,0.00913,0.02506,0.66402,66471000000,47038000000,19433000000
T,2019-03-31,0.00747,0.02101,0.5601,61682000000,46028000000,15654000000
T,2019-06-30,0.00679,0.01913,0.50703,61902000000,45808000000,16094000000
T,2019-09-30,0.00674,0.01904,0.50498,61121000000,47680000000,13441000000
T,2019-12-31,0.00433,0.01184,0.32695,64127000000,49737000000,14390000000
UNH,2010-06-30,0.01859,0.04523,0.99645,26872000000,6122000000,20750000000
UNH,2010-09-30,0.02026,0.04986,1.14529,27463000000,7152000000,20311000000
UNH,2010-12-31,0.01654,0.04039,0.95425,28437000000,6488000000,21949000000
UNH,2011-03-31,0.0206,0.05066,1.23941,29319000000,6382000000,22937000000
UNH,2011-06-30,0.01916,0.0463,1.1786,29237000000,6373000000,22864000000
UNH,2011-09-30,0.01792,0.0456,1.19343,29473000000,6643000000,22830000000
UNH,2011-12-31,0.01853,0.04446,1.19355,30514000000,6853000000,23661000000
UNH,2012-03-31,0.01909,0.0481,1.3359,31674000000,6197000000,25477000000
UNH,2012-06-30,0.0182,0.04551,1.30058,31671000000,6460000000,25211000000
UNH,2012-09-30,0.02172,0.05152,1.52348,31896000000,6579000000,25317000000
UNH,2012-12-31,0.01538,0.03736,1.2208,33992000000,6984000000,27008000000
UNH,2013-03-31,0.01434,0.03512,1.17323,35290000000,6559000000,28731000000
UNH,2013-06-30,0.01791,0.04467,1.42319,35573000000,7046000000,28527000000
UNH,2013-09-30,0.01918,0.04737,1.56375,35842000000,7145000000,28697000000
UNH,2013-12-31,0.01743,0.04282,1.43417,36100000000,7458000000,28642000000
UNH,2014-03-31,0.01299,0.0325,1.11801,37262000000,9160000000,28102000000
UNH,2014-06-30,0.01647,0.04112,1.4382,38144000000,9625000000,28519000000
UNH,2014-09-30,0.01875,0.04713,1.65325,38568000000,8394000000,30174000000
UNH,2014-12-31,0.01748,0.04462,1.57785,39241000000,9247000000,29994000000
UNH,2015-03-31,0.01575,0.04239,1.48113,41968000000,10518000000,31450000000
UNH,2015-06-30,0.01734,0.04576,1.66492,42380000000,10901000000,31479000000
UNH,2015-09-30,0.01475,0.04603,1.67576,48119000000,11300000000,36819000000
UNH,2015-12-31,0.01095,0.03435,1.27807,50645000000,11994000000,38651000000
UNH,2016-03-31,0.01367,0.04367,1.69045,51787000000,13740000000,38047000000
UNH,2016-06-30,0.01467,0.04612,1.84437,53789000000,14366000000,39423000000
UNH,2016-09-30,0.01592,0.04983,2.06723,53841000000,12994000000,40847000000
UNH,2016-12-31,0.01371,0.0419,1.76891,55879000000,13361000000,42518000000
UNH,2017-03-31,0.01584,0.04757,2.27673,56278000000,13473000000,42805000000
UNH,2017-06-30,0.01654,0.0486,2.36929,57937000000,14514000000,43423000000
UNH,2017-09-30,0.0177,0.05022,2.56715,58287000000,15878000000,42409000000
UNH,2017-12-31,0.02601,0.06953,3.72887,60459000000,15180000000,45279000000
UNH,2018-03-31,0.01823,0.05462,2.93582,64276000000,18210000000,46066000000
UNH,2018-06-30,0.0189,0.05553,3.04058,65070000000,17527000000,47543000000
UNH,2018-09-30,0.0211,0.05864,3.31393,65646000000,18991000000,46655000000
UNH,2018-12-31,0.01997,0.05407,3.1568,67757000000,16705000000,51052000000
UNH,2019-03-31,0.02151,0.06136,3.619,69464000000,16900000000,52564000000
UNH,2019-06-30,0.01969,0.05672,3.46632,69664000000,17128000000,52536000000
UNH,2019-09-30,0.02037,0.05922,3.72813,70020000000,18570000000,51450000000
UNH,2019-12-31,0.02036,0.05696,3.73918,70920000000,19005000000,51915000000
V,2010-06-30,0.0219,0.02901,0.1383,2921000000,2206000000,715000000
V,2010-09-30,0.02317,0.03094,0.14997,3121000000,2169000000,952000000
V,2010-12-31,0.02601,0.03461,0.17344,3110000000,2316000000,794000000
V,2011-03-31,0.02559,0.03369,0.17917,3107000000,2052000000,1055000000
V,2011-06-30,0.02918,0.03858,0.21636,3299000000,2015000000,1284000000
V,2011-09-30,0.02532,0.03329,0.19851,3404000000,1992000000,1412000000
V,2011-12-31,0.02877,0.03769,0.23212,3476000000,2014000000,1462000000
V,2012-03-31,0.03506,0.0453,0.29464,3550000000,1939000000,1611000000
V,2012-06-30,-0.04747,-0.0703,-0.42208,7737000000,6205000000,1532000000
V,2012-09-30,0.04154,0.06015,0.38642,3940000000,6301000000,-2361000000
V,2012-12-31,0.03606,0.04687,0.30633,3892000000,2057000000,1835000000
V,2013-03-31,0.03622,0.04722,0.30522,4056000000,1803000000,2253000000
V,2013-06-30,0.03472,0.04537,0.29697,4174000000,2025000000,2149000000
V,2013-09-30,0.03315,0.04436,0.45912,4195000000,2550000000,1645000000
V,2013-12-31,0.03882,0.05208,0.34579,4233000000,2635000000,1598000000
V,2014-03-31,0.04288,0.05855,0.63634,4278000000,3211000000,1067000000
V,2014-06-30,0.0361,0.04984,0.54613,4290000000,3476000000,814000000
V,2014-09-30,0.02782,0.03914,1.14821,4906000000,4009000000,897000000
V,2014-12-31,0.04035,0.05615,0.63619,4526000000,3699000000,827000000
V,2015-03-31,0.03991,0.05489,0.63336,4537000000,3377000000,1160000000
V,2015-06-30,0.04304,0.05928,0.69571,4774000000,3668000000,1106000000
V,2015-09-30,0.03841,0.05067,0.62165,4859000000,3283000000,1576000000
V,2015-12-31,0.03531,0.06585,0.80165,4734000000,3200000000,1534000000
V,2016-03-31,0.03142,0.0586,0.71445,4818000000,2943000000,1875000000
V,2016-06-30,0.00645,0.01255,0.17346,4955000000,4798000000,157000000
V,2016-09-30,0.03016,0.05867,0.81848,5897000000,5069000000,828000000
V,2016-12-31,0.03267,0.06525,0.88755,5822000000,5150000000,672000000
V,2017-03-31,0.0068,0.01397,0.18548,6146000000,5662000000,484000000
V,2017-06-30,0.03217,0.06446,0.89512,6106000000,4778000000,1328000000
V,2017-09-30,0.03148,0.06532,0.94263,6498000000,5050000000,1448000000
V,2017-12-31,0.03756,0.07551,1.11236,6397000000,4853000000,1544000000
V,2018-03-31,0.03773,0.07639,1.15765,6810000000,5789000000,1021000000
V,2018-06-30,0.03416,0.0699,1.04148,7595000000,5711000000,1884000000
V,2018-09-30,0.0411,0.08366,1.27966,7462000000,5846000000,1616000000
V,2018-12-31,0.04155,0.08731,1.34569,7295000000,7430000000,-135000000
V,2019-03-31,0.04261,0.08686,1.35303,7347000000,4899000000,2448000000
V,2019-06-30,0.04414,0.08861,1.41776,7772000000,5471000000,2301000000
V,2019-09-30,0.04168,0.08722,1.38937,8539000000,7770000000,769000000
V,2019-12-31,0.04375,0.09277,1.51394,8092000000,8611000000,-519000000
VZ,2010-06-30,-0.00527,-0.01411,-0.42165,40920000000,16905000000,24015000000
VZ,2010-09-30,0.00298,0.00779,0.23294,38914000000,16092000000,22822000000
VZ,2010-12-31,0.012,0.03036,0.93317,35769000000,15702000000,20067000000
VZ,2011-03-31,0.00631,0.01619,0.50848,38298000000,13810000000,24488000000
VZ,2011-06-30,0.00719,0.01774,0.56815,39022000000,14238000000,24784000000
VZ,2011-09-30,0.00605,0.01576,0.48659,39781000000,14486000000,25295000000
VZ,2011-12-31,-0.00878,-0.02355,-0.71333,45894000000,14689000000,31205000000
VZ,2012-03-31,0.00756,0.01907,0.59324,39970000000,13231000000,26739000000
VZ,2012-06-30,0.00807,0.02018,0.64058,40557000000,13973000000,26584000000
VZ,2012-09-30,0.00689,0.0172,0.55758,41540000000,16003000000,25537000000
VZ,2012-12-31,-0.01878,-0.04944,-1.47661,50190000000,16182000000,34008000000
VZ,2013-03-31,0.00863,0.02229,0.68109,41686000000,14030000000,27656000000
VZ,2013-06-30,0.01006,0.02577,0.78394,41984000000,14671000000,27313000000
VZ,2013-09-30,0.00807,0.02473,0.77879,42470000000,15622000000,26848000000
VZ,2013-12-31,0.01849,0.0531,1.76735,38105000000,16453000000,21652000000
VZ,2014-03-31,0.01781,0.28496,1.15241,43287000000,14984000000,28303000000
VZ,2014-06-30,0.01878,0.26318,1.01616,43194000000,16521000000,26673000000
VZ,2014-09-30,0.01633,0.20564,0.88993,44030000000,17055000000,26975000000
VZ,2014-12-31,-0.00959,-0.16313,-0.53476,54117000000,16680000000,37437000000
VZ,2015-03-31,0.01789,0.39214,1.02502,43912000000,15189000000,28723000000
VZ,2015-06-30,0.01757,0.32865,1.03726,44178000000,16953000000,27225000000
VZ,2015-09-30,0.01668,0.27768,0.99165,45476000000,17721000000,27755000000
VZ,2015-12-31,0.02208,0.30215,1.32359,44057000000,19362000000,24695000000
VZ,2016-03-31,0.01762,0.2144,1.05637,43788000000,18118000000,25670000000
VZ,2016-06-30,0.00303,0.03384,0.1721,44289000000,19090000000,25199000000
VZ,2016-09-30,0.01511,0.16467,0.88747,43105000000,18002000000,25103000000
VZ,2016-12-31,0.01841,0.18704,1.10118,42295000000,19593000000,22702000000
VZ,2017-03-31,0.01398,0.1378,0.84517,40781000000,14826000000,25955000000
VZ,2017-06-30,0.01724,0.163,1.06859,40754000000,17825000000,22929000000
VZ,2017-09-30,0.01421,0.12724,0.88639,43621000000,18434000000,25187000000
VZ,2017-12-31,0.0726,0.41777,4.56678,47942000000,21232000000,26710000000
VZ,2018-03-31,0.01718,0.08683,1.10746,42940000000,17052000000,25888000000
VZ,2018-06-30,0.01565,0.0769,0.99637,44158000000,18560000000,25598000000
VZ,2018-09-30,0.01854,0.08779,1.19052,44208000000,19342000000,24866000000
VZ,2018-12-31,0.00732,0.03544,0.4687,48043000000,22501000000,25542000000
VZ,2019-03-31,0.01772,0.08757,1.21605,43557000000,18664000000,24893000000
VZ,2019-06-30,0.01393,0.06806,0.95312,43571000000,17633000000,25938000000
VZ,2019-09-30,0.01823,0.08612,1.2552,44224000000,19566000000,24658000000
VZ,2019-12-31,0.01746,0.08109,1.23127,47094000000,21806000000,25288000000
XOM,2010-06-30,0.02597,0.05201,1.60305,97073000000,45454000000,51619000000
XOM,2010-09-30,0.0245,0.0488,1.44799,1.00404E+11,48251000000,52153000000
XOM,2010-12-31,0.03058,0.06058,1.86379,1.09718E+11,50034000000,59684000000
XOM,2011-03-31,0.03333,0.06761,2.14588,1.16973E+11,57700000000,59273000000
XOM,2011-06-30,0.03274,0.06599,2.17693,1.29548E+11,57853000000,71695000000
XOM,2011-09-30,0.03196,0.06368,2.13474,1.28833E+11,54572000000,74261000000
XOM,2011-12-31,0.02839,0.05848,1.96982,1.24322E+11,57067000000,67255000000
XOM,2012-03-31,0.02738,0.05758,2.00424,1.27154E+11,59084000000,68070000000
XOM,2012-06-30,0.04826,0.09471,3.4171,1.20502E+11,51322000000,69180000000
XOM,2012-09-30,0.02855,0.05552,2.08179,1.18988E+11,53516000000,65472000000
XOM,2012-12-31,0.02981,0.05796,2.1897,1.1647E+11,50728000000,65742000000
XOM,2013-03-31,0.02797,0.05489,2.11817,1.11051E+11,53978000000,57073000000
XOM,2013-06-30,0.02008,0.03998,1.54748,1.11177E+11,52619000000,58558000000
XOM,2013-09-30,0.02264,0.04485,1.79067,1.16313E+11,51260000000,65053000000
XOM,2013-12-31,0.02408,0.04626,1.91382,1.1433E+11,48085000000,66245000000
XOM,2014-03-31,0.02578,0.04976,2.10259,1.08953E+11,52109000000,56844000000
XOM,2014-06-30,0.02449,0.04667,2.04329,1.13669E+11,52363000000,61306000000
XOM,2014-09-30,0.02288,0.04304,1.89126,1.11056E+11,49272000000,61784000000
XOM,2014-12-31,0.0188,0.03629,1.55099,91991000000,42227000000,49764000000
XOM,2015-03-31,0.0144,0.02784,1.17312,72082000000,38144000000,33938000000
XOM,2015-06-30,0.01203,0.02341,0.99762,79012000000,39914000000,39098000000
XOM,2015-09-30,0.01245,0.02398,1.01193,73512000000,36681000000,36831000000
XOM,2015-12-31,0.00826,0.01572,0.66459,65954000000,32412000000,33542000000
XOM,2016-03-31,0.00528,0.01014,0.43322,54818000000,32294000000,22524000000
XOM,2016-06-30,0.00496,0.00961,0.40689,64272000000,33801000000,30471000000
XOM,2016-09-30,0.00781,0.01497,0.63427,64435000000,30027000000,34408000000
XOM,2016-12-31,0.00509,0.00966,0.40249,69657000000,31193000000,38464000000
XOM,2017-03-31,0.01165,0.02182,0.94956,68497000000,32069000000,36428000000
XOM,2017-06-30,0.00977,0.01803,0.78436,68619000000,31100000000,37519000000
XOM,2017-09-30,0.01136,0.02098,0.92952,72304000000,34698000000,37606000000
XOM,2017-12-31,0.02403,0.04308,1.9676,60381000000,36796000000,23585000000
XOM,2018-03-31,0.01333,0.02386,1.08899,73277000000,37207000000,36070000000
XOM,2018-06-30,0.01132,0.02041,0.92484,79678000000,38490000000,41188000000
XOM,2018-09-30,0.0176,0.0317,1.46102,82336000000,41714000000,40622000000
XOM,2018-12-31,0.01733,0.03022,1.40581,77017000000,37268000000,39749000000
XOM,2019-03-31,0.0066,0.01187,0.55035,69625000000,42090000000,27535000000
XOM,2019-06-30,0.00868,0.01577,0.73285,75595000000,41480000000,34115000000
XOM,2019-09-30,0.00882,0.01608,0.74221,71704000000,40541000000,31163000000
XOM,2019-12-31,0.01569,0.0286,1.33318,71559000000,41831000000,29728000000
